,norm_y,protein_on_gel,why_no_tm,in_plos_paper,tm,k,native,designed,position,kcat,km,kcatkm,yPLOS
S14A,,1.0,,1.0,40.0178687251,-1.56503560638,S,A,14.0,320.0,8.25,38823.0,0.6
T15A,0.62,1.0,,,38.6969225582,-0.457046373355,T,A,15.0,,,,
S16A,1.01,1.0,,1.0,,,S,A,16.0,154.0,14.01,10997.0,0.83
S16A,0.89,1.0,,1.0,,,S,A,16.0,154.0,14.01,10997.0,0.83
S16N,0.18,0.5,,,,,S,N,16.0,,,,
S17A,,1.0,,1.0,41.6490422225,-1.26554598943,S,A,17.0,848.0,18.45,45978.0,0.65
S17E,0.4,0.5,,1.0,39.4298915387,-0.75636537263,S,E,17.0,641.0,7.32,87596.0,1.01
Y18A,0.59,1.0,,1.0,37.1729031827,-0.346462475686,Y,A,18.0,197.0,31.55,6230.0,0.17
Q19S,0.18,1.0,,1.0,36.4709729317,-0.502002062393,Q,S,19.0,,,13.0,0.43
Q19A,0.41,,,1.0,,,Q,A,19.0,,,11.0,0.26
Q19C,0.48,1.0,,1.0,,,Q,C,19.0,,,1.0,0.4
W34A,0.18,0.5,no expression,1.0,,,W,A,34.0,,,,
V52G,0.92,1.0,,1.0,39.2062985415,-1.00569274763,V,G,52.0,687.0,8.25,83371.0,0.97
F72H,0.15,,,,38.6060137213,-0.415986653486,F,H,72.0,,,,
R76A,0.97,0.5,no expression,1.0,,,R,A,76.0,,,,
I91E,0.32,1.0,,1.0,39.1995247348,-0.443905279683,I,E,91.0,846.0,6.71,126071.0,0.49
H101R,1.5,1.0,,1.0,40.0217079636,-0.910847874369,H,R,101.0,1059.0,10.62,99708.0,1.03
H119A,,1.0,,1.0,40.1580448568,-1.02893121859,H,A,119.0,143.0,15.1,9483.0,1.21
H119E,0.34,0.5,,1.0,,,H,E,119.0,,,,
H119N,0.11,1.0,,1.0,,,H,N,119.0,2.0,23.22,82.0,1.02
W120F,0.44,,,1.0,41.510526877,-0.46299769388,W,F,120.0,472.0,16.08,29334.0,0.78
W120H,0.34,1.0,,1.0,39.8883945381,-0.5742039856,W,H,120.0,84.0,89.18,943.0,1.0
W120A,,,,1.0,,,W,A,120.0,,,1.0,0.16
E154D,0.97,1.0,,1.0,38.6991041626,-0.688685714066,E,D,154.0,878.0,3.46,254004.0,1.42
N163A,,0.5,,1.0,40.8019296006,-0.377448770159,N,A,163.0,7.0,11.95,558.0,0.74
N163C,0.12,0.0,,1.0,37.6986081101,-0.338414890687,N,C,163.0,26.0,5.42,4766.0,1.1
N163D,0.69,1.0,,1.0,38.258753607,-0.454263089994,N,D,163.0,12.0,15.19,789.0,1.05
N163D,1.02,1.0,,,38.258753607,-0.454263089994,N,D,163.0,12.0,15.19,789.0,1.05
E164A,0.39,1.0,catalytic residue,1.0,,,E,A,164.0,0.0,1.01,190.0,0.42
E164R,0.52,1.0,catalytic residue,,,,E,R,164.0,,,,
E164G,0.29,0.0,catalytic residue,,,,E,G,164.0,,,,
Y166P,0.26,0.0,no protein,1.0,,,Y,P,166.0,27.0,2.5,10596.0,0.18
C167A,0.77,1.0,,1.0,39.7356040061,-1.38844716383,C,A,167.0,479.0,14.56,32884.0,0.48
C167Q,0.53,1.0,,1.0,38.4715673459,-0.529353680945,C,Q,167.0,504.0,4.92,102415.0,0.94
C167A,,,,,39.7356040061,-1.38844716383,C,A,167.0,479.0,14.56,32884.0,0.48
L171A,0.5,1.0,,1.0,38.288357024,-0.480826713152,L,A,171.0,807.0,11.09,72719.0,0.38
L171R,0.37,1.0,,1.0,38.6991041626,-0.688685714066,L,R,171.0,403.0,3.36,120146.0,1.06
T175R,0.3,1.0,,1.0,37.8269793601,-0.487971542787,T,R,175.0,801.0,3.59,223033.0,0.86
E177L,0.46,1.0,,1.0,39.2235031837,-0.520209618027,E,L,177.0,670.0,7.48,89478.0,0.77
E177A,1.01,1.0,,1.0,37.3076552524,-0.486927539598,E,A,177.0,986.0,5.98,164804.0,0.96
E177K,0.29,1.0,,1.0,36.6497018276,-0.666760616287,E,K,177.0,555.0,6.19,89609.0,0.95
H178A,0.38,,,1.0,33.8411031023,-0.627960306149,H,A,178.0,113.0,7.67,14697.0,0.25
H178R,0.23,0.5,,,,,H,R,178.0,,,,
A192S,0.32,1.0,,1.0,39.082601386,-0.906303752348,A,S,192.0,946.0,5.09,185848.0,1.17
T218A,0.88,1.0,,1.0,40.0456532377,-1.1225308277,T,A,218.0,464.0,6.51,71280.0,0.98
N220Y,0.46,1.0,,,41.630374052,-0.365824477564,N,Y,220.0,,,,
N220R,0.22,1.0,,,39.4224948364,-0.679409263098,N,R,220.0,,,,
N220H,0.15,1.0,,1.0,39.458290739,-0.740277743106,N,H,220.0,123.0,5.14,23874.0,1.12
N220G,1.59,,,,41.8736114442,-1.49476380429,N,G,220.0,,,,
N220A,1.63,1.0,,1.0,38.6310570799,-0.656223216293,N,A,220.0,405.0,10.27,39425.0,0.61
M221A,0.12,0.0,no protein,1.0,,,M,A,221.0,547.0,6.25,87554.0,0.73
E222Q,0.4,1.0,,1.0,39.4216454171,-0.815421754422,E,Q,222.0,668.0,12.16,54923.0,1.3
E222A,0.39,1.0,,1.0,36.7438143275,-0.656627211321,E,A,222.0,90.0,0.63,143604.0,0.29
E222Y,0.09,0.0,,1.0,37.0411994142,-0.593382794374,E,Y,222.0,12.0,18.43,636.0,0.7
E222R,0.15,0.0,,1.0,39.0865088396,-0.748890300695,E,R,222.0,42.0,2.48,17098.0,0.15
E222K,0.1,0.0,,1.0,38.5268676068,-0.464966693259,E,K,222.0,108.0,7.22,14955.0,0.5
E222H,0.37,0.5,,1.0,34.7083119308,-0.636222686132,E,H,222.0,160.0,8.54,18695.0,0.7
R240K,0.7,1.0,,1.0,39.3142678187,-1.42340635452,R,K,240.0,898.0,17.67,50829.0,1.4
R240A,0.29,,,1.0,39.8761145684,-1.04478615241,R,A,240.0,11011.0,19.46,565763.0,1.11
R240D,0.66,1.0,,1.0,,,R,D,240.0,282.0,10.82,26093.0,0.8
R240E,0.3,0.0,no protein,,,,R,E,240.0,,,,
I244E,0.16,0.5,,1.0,37.7931288549,-0.872060887584,I,E,244.0,497.0,5.97,83137.0,0.6
I244N,0.17,0.0,,1.0,36.7509813466,-0.326099994627,I,N,244.0,271.0,2.15,126176.0,0.21
M261D,0.39,0.0,no protein,,,,M,D,261.0,,,,
N293Q,0.17,1.0,,,,,N,Q,293.0,,,,
N293A,0.42,,,1.0,,,N,A,293.0,13.0,9.67,1313.0,0.68
N293D,0.19,1.0,,,,,N,D,293.0,,,,
N293C,0.32,1.0,,,38.6673919082,-0.536787329452,N,C,293.0,,,,
Y294F,0.2,1.0,,1.0,,,Y,F,294.0,735.0,5.99,122751.0,0.73
Y294F,0.82,1.0,,1.0,,,Y,F,294.0,735.0,5.99,122751.0,0.73
Y294A,1.35,1.0,,1.0,39.9997663953,-0.755361456548,Y,A,294.0,166.0,4.98,33260.0,0.59
Y295G,0.47,1.0,catalytic residue,1.0,,,Y,G,295.0,,,1.0,0.77
Y295A,0.38,0.5,catalytic residue,1.0,,,Y,A,295.0,,,1.0,0.69
T296A,0.14,,,1.0,,,T,A,296.0,109.0,11.05,9904.0,0.39
S298E,0.46,1.0,,1.0,39.5668379071,-0.949263995515,S,E,298.0,809.0,5.28,153264.0,1.1
I300N,0.41,1.0,,1.0,37.6533745847,-0.316965376307,I,N,300.0,693.0,4.48,154732.0,1.51
Q313R,0.63,1.0,,1.0,,,Q,R,313.0,689.0,3.58,192373.0,1.07
Q313R,0.44,1.0,,1.0,,,Q,R,313.0,689.0,3.58,192373.0,1.07
H315E,0.19,,,,,,H,E,315.0,,,,
H315N,0.37,1.0,no expression,1.0,,,H,N,315.0,,,,
M323K,0.09,,,1.0,,,M,K,323.0,,,,
M323A,0.12,,,1.0,36.858347031,-0.701662792668,M,A,323.0,416.0,9.34,44477.0,0.35
W325H,0.06,,,1.0,,,W,H,325.0,35.0,3.08,11358.0,1.12
W325L,0.23,1.0,,1.0,,,W,L,325.0,109.0,5.74,18909.0,1.08
W325G,0.22,0.0,no protein,,,,W,G,325.0,,,,
W325R,0.35,1.0,,,39.8737917782,-0.713239858187,W,R,325.0,,,,
W325C,1.12,1.0,,1.0,39.181841686,-0.888861379031,W,C,325.0,10.0,4.18,2503.0,0.22
W325A,0.22,1.0,,1.0,40.1882422006,-0.362362981319,W,A,325.0,29.0,1.61,18243.0,0.26
W325L,0.66,1.0,,,,,W,L,325.0,109.0,5.74,18909.0,1.08
P329N,0.61,0.5,no expression,,,,P,N,329.0,,,,
S331A,0.25,1.0,,1.0,38.9595714841,-0.454130765382,S,A,331.0,817.0,4.34,188306.0,0.89
K341A,1.05,1.0,,1.0,39.9845891257,-1.70377259477,K,A,341.0,1046.0,5.46,191689.0,0.92
T352A,0.5,1.0,,1.0,38.0270656134,-0.745703647536,T,A,352.0,60.0,14.26,4174.0,0.7
E353A,0.25,1.0,,1.0,,,E,A,353.0,,,1.0,0.56
N354A,,0.5,,1.0,40.5577928978,-0.335793746602,N,A,354.0,3.0,5.38,547.0,0.34
G355A,,0.5,no expression,1.0,,,G,A,355.0,,,,
A356A,0.74,1.0,,1.0,39.8882663334,-1.12469843909,A,A,356.0,,,,
A357A,0.57,1.0,,1.0,39.0945808844,-0.325209368963,A,A,357.0,,,,
M358T,1.1,1.0,,1.0,39.4891321038,-1.43599056184,M,T,358.0,436.0,4.83,90241.0,0.62
L362M,0.33,1.0,,,39.8488592933,-0.613592474239,L,M,362.0,,,,
H373R,1.83,1.0,,1.0,39.082601386,-0.906303752348,H,R,373.0,707.0,6.31,112169.0,1.19
H379R,0.21,1.0,,1.0,,,H,R,379.0,2.0,6.24,380.0,0.14
H379T,0.66,0.5,,,,,H,T,379.0,,,,
W399S,0.34,1.0,,1.0,,,W,S,399.0,,,1.0,1.5
W399A,0.67,0.5,,1.0,,,W,A,399.0,0.0,16.65,14.0,0.96
W399C,0.2,,,,,,W,C,399.0,3.0,70.33,39.0,0.93
W399C,0.9,1.0,,1.0,,,W,C,399.0,3.0,70.33,39.0,0.93
W399G,1.04,1.0,,1.0,,,W,G,399.0,,,1.0,1.27
W399S,0.2,0.0,,1.0,,,W,S,399.0,,,1.0,1.5
W399R,0.23,1.0,,,,,W,R,399.0,,,,
S400A,0.24,,,1.0,39.8068953916,-0.600616123955,S,A,400.0,531.0,3.22,164795.0,0.41
D403A,0.19,0.5,no expression,1.0,,,D,A,403.0,,,,
N404C,,,,,42.5779608927,-1.29989873686,N,C,404.0,,,,
N404A,,1.0,,1.0,42.0057907135,-0.965897328473,N,A,404.0,4.0,9.42,393.0,1.41
E406A,0.76,1.0,,1.0,39.9343103502,-1.52471907153,E,A,406.0,,,1.0,0.57
E406D,1.11,1.0,,1.0,40.5545992341,-0.926168195316,E,D,406.0,39.0,34.13,1146.0,0.27
W407Q,0.5,0.0,no expression,1.0,,,W,Q,407.0,,,,
W407Q,,,,,,,W,Q,407.0,,,,
W407R,0.36,0.0,no expression,1.0,,,W,R,407.0,,,,
W407A,0.18,0.5,no expression,1.0,,,W,A,407.0,,,,
W407G,0.28,0.5,no expression,1.0,,,W,G,407.0,,,,
A408A,1.2,1.0,,1.0,39.9559313899,-1.26072882596,A,A,408.0,,,,
W409Y,0.23,1.0,,,36.6149214884,-0.392452856146,W,Y,409.0,,,,
F415N,0.08,,,,,,F,N,415.0,,,,
F415A,,1.0,,1.0,,,F,A,415.0,0.0,16.63,80.0,0.53
E426S,1.19,1.0,,1.0,39.4592401737,-1.44948047182,E,S,426.0,,,,
F405A,,,,1.0,,,,,,,,,
K413A,,,,1.0,,,,,,835.0,2.92,285858.0,1.11
L219A,,,,1.0,,,,,,199.0,7.87,25262.0,0.47
V147S,,,,1.0,,,,,,5.0,6.45,706.0,0.23
W409A,,,,1.0,,,,,,,,,
drop_me,,,,,,,,,,,,,
drop_me,,,,,,,,,,,,,
drop_me,,,,,,,,,,,,,
drop_me,0.03,1.0,,,,,,,,,,,
drop_me,,,,,,,,,,,,,
drop_me,0.32,0.0,,,,,,,,,,,
drop_me,,,,,,,,,,,,,
drop_me,0.48,1.0,,,,,,,,,,,
