,idx,Unnamed: 1,student,date_transform,img_url,colonies,grow_weight,expr_weight,beads,y,norm_y,gel_img_exists,protein_on_gel,assay_data_exists,tm_exists,why_no_tm,in_plos_paper,tm,k,native,designed,position,yPLOS,km,ekm,kcat,ekcat,ki,eki,kcatkm,ekcatkm
A192S,48.0,A195S,Siena ,9/22/2015,http://imgur.com/Mc8us52,10.0,87.0,224.0,0.0,0.321,0.32,1.0,1.0,1.0,1.0,,1.0,39.082601386,-0.906303752348,A,S,192.0,1.17,5.09,0.18,946.0,10.0,,,185848.0,6994.0
A356A,78.0,A356A,Bill,9/22/2015,http://imgur.com/zjxNeKd,8.0,300.0,500.0,0.0,0.738,0.74,1.0,1.0,1.0,1.0,,1.0,39.8882663334,-1.12469843909,A,A,356.0,,,,,,,,,
A357A,79.0,A357A,Siena,11/30/2015,http://imgur.com/jLtrOJt,4.0,337.0,466.0,1.0,0.284,0.57,1.0,1.0,1.0,1.0,,1.0,39.0945808844,-0.325209368963,A,A,357.0,,,,,,,,,
A408A,80.0,A408A,Bill,9/22/2015,http://imgur.com/NcWTJWk,11.0,300.0,500.0,0.0,1.197,1.2,1.0,1.0,1.0,1.0,,1.0,39.9559313899,-1.26072882596,A,A,408.0,,,,,,,,,
C167A,1.0,C167A,Bill,8/3/2015,http://imgur.com/gJGEhsm,40.0,,200.0,0.0,0.77,0.77,1.0,1.0,1.0,1.0,,1.0,39.7356040061,-1.38844716383,C,A,167.0,0.48,14.56,1.27,479.0,14.0,,,32884.0,3026.0
C167A,24.0,C167A,DOUBLE,,,,,,,,,,,,,,,39.7356040061,-1.38844716383,C,A,167.0,0.48,14.56,1.27,479.0,14.0,,,32884.0,3026.0
C167Q,31.0,C167Q,Bill,10/27/2015,http://imgur.com/ofjYcGK,30.0,202.0,247.0,1.0,0.264,0.53,1.0,1.0,1.0,1.0,,1.0,38.4715673459,-0.529353680945,C,Q,167.0,0.94,4.92,0.19,504.0,6.0,590.71,86.56,102415.0,4149.0
D403A,81.0,D403A,Bill,9/22/2015,http://imgur.com/299204C,4.0,200.0,400.0,0.0,0.187,0.19,1.0,0.5,1.0,0.0,no expression,1.0,,,D,A,403.0,,,,,,,,,
E154D,75.0,E154D,Bill,9/22/2015,http://imgur.com/F5I3lam,24.0,300.0,600.0,0.0,0.969,0.97,1.0,1.0,1.0,1.0,,1.0,38.6991041626,-0.688685714066,E,D,154.0,1.42,3.46,0.76,878.0,47.0,,,254004.0,57175.0
E164A,2.0,E164A,Bill,11/8/2015,http://imgur.com/H7iHafM,75.0,224.0,357.0,1.0,0.194,0.39,1.0,1.0,1.0,0.0,catalytic residue,1.0,,,E,A,164.0,0.42,1.01,0.17,0.0,0.0,,,190.0,33.0
E164G,104.0,e164g,Bill,9/28/2015,http://imgur.com/xEcvaTx,2.0,123.0,525.0,0.0,0.291,0.29,1.0,0.0,1.0,0.0,catalytic residue,,,,E,G,164.0,,,,,,,,,
E164R,105.0,e164r,Siena,10/26/2015,,4.0,121.0,400.0,1.0,0.262,0.52,1.0,1.0,1.0,0.0,catalytic residue,,,,E,R,164.0,,,,,,,,,
E177A,82.0,E177A,Bill,9/22/2015,http://imgur.com/l9de7i8,23.0,300.0,500.0,0.0,1.006,1.01,1.0,1.0,1.0,1.0,,1.0,37.3076552524,-0.486927539598,E,A,177.0,0.96,5.98,0.22,986.0,10.0,,,164804.0,6408.0
E177K,43.0,E180K,Siena,11/9/2015,http://imgur.com/rbmnh36,100.0,344.0,367.0,1.0,0.147,0.29,1.0,1.0,1.0,1.0,,1.0,36.6497018276,-0.666760616287,E,K,177.0,0.95,6.19,0.3,555.0,7.0,362.94,36.97,89609.0,4493.0
E177L,44.0,E180L,Bill,10/20/2015,http://imgur.com/qP3e9Y6,3.0,286.0,355.0,1.0,0.232,0.46,1.0,1.0,1.0,1.0,,1.0,39.2235031837,-0.520209618027,E,L,177.0,0.77,7.48,0.36,670.0,10.0,,,89478.0,4555.0
E222A,3.0,E222A,Natalie,11/8/2015,http://i.imgur.com/d8gHgKA.jpg,76.0,425.6,526.1,1.0,0.195,0.39,1.0,1.0,1.0,1.0,,1.0,36.7438143275,-0.656627211321,E,A,222.0,0.29,0.63,0.15,90.0,4.0,95.24,13.7,143604.0,36130.0
E222H,106.0,e222h,Siena,9/28/2015,http://imgur.com/RHUr9RR,2.0,129.0,546.0,0.0,0.369,0.37,1.0,0.5,1.0,,,1.0,34.7083119308,-0.636222686132,E,H,222.0,0.7,8.54,0.53,160.0,3.0,,,18695.0,1212.0
E222K,107.0,e222k,Mary,10/5/2015,http://imgur.com/XLQUIzx,13.0,265.0,315.0,0.0,0.095,0.1,1.0,0.0,1.0,1.0,,1.0,38.5268676068,-0.464966693259,E,K,222.0,0.5,7.22,0.75,108.0,3.0,,,14955.0,1618.0
E222Q,108.0,e222q,Mary,10/5/2015,http://imgur.com/vbRlA8H,5.0,384.0,493.0,0.0,0.398,0.4,1.0,1.0,1.0,1.0,,1.0,39.4216454171,-0.815421754422,E,Q,222.0,1.3,12.16,0.65,668.0,11.0,,,54923.0,3084.0
E222R,109.0,e222r,Mary,10/5/2015,http://imgur.com/ULnpT4l,10.0,197.0,340.0,0.0,0.146,0.15,1.0,0.0,1.0,1.0,,1.0,39.0865088396,-0.748890300695,E,R,222.0,0.15,2.48,0.44,42.0,2.0,,,17098.0,3148.0
E222Y,110.0,e222y,Mary,10/5/2015,http://imgur.com/7DLCihC,5.0,248.0,365.0,0.0,0.091,0.09,1.0,0.0,1.0,1.0,,1.0,37.0411994142,-0.593382794374,E,Y,222.0,0.7,18.43,3.14,12.0,1.0,,,636.0,116.0
E353A,4.0,E353A,Bill,8/3/2015,http://imgur.com/ueVhrFR,50.0,300.0,200.0,0.0,0.251,0.25,1.0,1.0,1.0,,,1.0,,,E,A,353.0,0.56,,,,,,,1.0,0.0
E406A,83.0,E406A,Mary,10/5/2015,http://imgur.com/VkrBTDc,70.0,425.0,524.0,0.0,0.7575,0.76,1.0,1.0,1.0,1.0,,1.0,39.9343103502,-1.52471907153,E,A,406.0,0.57,,,,,,,1.0,0.0
E406D,28.0,E406D,Bill,10/27/2015,http://imgur.com/oLselJG,15.0,57.0,154.0,1.0,0.555,1.11,1.0,1.0,1.0,1.0,,1.0,40.5545992341,-0.926168195316,E,D,406.0,0.27,34.13,2.57,39.0,1.0,,,1146.0,94.0
E426S,64.0,E426S,Bill,9/15/2015,http://imgur.com/lhwyYRP,21.0,250.0,500.0,0.0,1.19,1.19,1.0,1.0,1.0,1.0,,1.0,39.4592401737,-1.44948047182,E,S,426.0,,,,,,,,,
F405A,84.0,F405A,,,,,,,,,,,,,,,1.0,,,,,,,,,,,,,,
F415A,85.0,F415A,Natalie,1/31/2016,http://imgur.com/8zGXAWS,20.0,350.4,364.0,0.0,0.31,,1.0,1.0,1.0,0.0,,1.0,,,F,A,415.0,0.53,16.63,4.0,0.0,1.0,,,80.0,20.0
F415N,129.0,F415N,Siena,2/29/2016,http://imgur.com/REI5DOm,80.0,252.0,445.0,0.0,0.076,0.08,1.0,,1.0,,,,,,F,N,415.0,,,,,,,,,
F72H,53.0,F75H,Siena,2/29/2016,http://imgur.com/xPbkWgl,20.0,283.0,597.0,0.0,0.151,0.15,1.0,,1.0,,,,38.6060137213,-0.415986653486,F,H,72.0,,,,,,,,,
G355A,86.0,G355A,Natalie,1/31/2016,http://imgur.com/t9cHycf,80.0,292.1,174.0,0.0,0.195,,1.0,0.5,1.0,0.0,no expression,1.0,,,G,A,355.0,,,,,,,,,
H101R,68.0,H101R,Bill,9/15/2015,http://imgur.com/yrFrpbU,47.0,250.0,300.0,0.0,1.5,1.5,1.0,1.0,1.0,1.0,,1.0,40.0217079636,-0.910847874369,H,R,101.0,1.03,10.62,0.53,1059.0,16.0,,,99708.0,5225.0
H119A,87.0,H119A,Natalie,1/31/2016,http://imgur.com/CSra5sE,3.0,468.2,426.0,0.0,0.277,,1.0,1.0,1.0,1.0,,1.0,40.1580448568,-1.02893121859,H,A,119.0,1.21,15.1,3.36,143.0,11.0,,,9483.0,2222.0
H119E,40.0,H122E,Bill,10/20/2015,http://imgur.com/aFWt2Bx,7.0,271.0,534.0,1.0,0.168,0.34,1.0,0.5,1.0,0.0,,1.0,,,H,E,119.0,,,,,,,,,
H119N,56.0,H122N,Siena ,9/22/2015,http://imgur.com/71myLWa,25.0,183.0,286.0,0.0,0.113,0.11,1.0,1.0,1.0,0.0,,1.0,,,H,N,119.0,1.02,23.22,2.2,2.0,1.0,,,82.0,8.0
H178A,5.0,H178A,Siena,2/29/2016,http://imgur.com/W1nofuo,130.0,317.0,459.0,0.0,0.381,0.38,1.0,,1.0,,,1.0,33.8411031023,-0.627960306149,H,A,178.0,0.25,7.67,0.73,113.0,3.0,173.34,42.79,14697.0,1463.0
H178R,136.0,H178R,Mary,8/11/2015,http://imgur.com/bzOtKL8,73.0,178.0,351.0,0.0,0.227,0.23,1.0,0.5,1.0,0.0,,,,,H,R,178.0,,,,,,,,,
H315E,134.0,H315E,Siena,2/29/2016,http://imgur.com/I02tuEh,40.0,266.0,554.0,0.0,0.188,0.19,1.0,,1.0,,,,,,H,E,315.0,,,,,,,,,
H315N,30.0,H315N,Bill,10/27/2015,http://imgur.com/afjJwSG,10.0,121.0,268.0,1.0,0.183,0.37,1.0,1.0,1.0,0.0,no expression,1.0,,,H,N,315.0,,,,,,,,,
H373R,71.0,H373R,Bill,9/22/2015,http://imgur.com/76hvWe1,26.0,250.0,600.0,0.0,1.831,1.83,1.0,1.0,1.0,1.0,,1.0,39.082601386,-0.906303752348,H,R,373.0,1.19,6.31,0.3,707.0,9.0,,,112169.0,5512.0
H379R,76.0,H379R,Bill,9/22/2015,http://imgur.com/JfUQmor,12.0,400.0,500.0,0.0,0.211,0.21,1.0,1.0,1.0,0.0,,1.0,,,H,R,379.0,0.14,6.24,0.84,2.0,1.0,,,380.0,53.0
H379T,69.0,H379T,Bill,9/15/2015,http://imgur.com/zHi4wOM,14.0,250.0,200.0,0.0,0.657,0.66,1.0,0.5,1.0,0.0,,,,,H,T,379.0,,,,,,,,,
I244E,111.0,i244e,Mary,10/5/2015,http://imgur.com/lPIcyDj,25.0,331.0,391.0,0.0,0.1565,0.16,1.0,0.5,1.0,1.0,,1.0,37.7931288549,-0.872060887584,I,E,244.0,0.6,5.97,1.04,497.0,23.0,,,83137.0,14963.0
I244N,51.0,I247N,Bill,10/20/2015,http://imgur.com/FZVmjCl,2.0,198.0,461.0,1.0,0.085,0.17,1.0,0.0,1.0,1.0,,1.0,36.7509813466,-0.326099994627,I,N,244.0,0.21,2.15,0.13,271.0,4.0,,,126176.0,7795.0
I300N,45.0,I303N,Bill,10/20/2015,http://imgur.com/hEHNbhf,9.0,240.0,343.0,1.0,0.204,0.41,1.0,1.0,1.0,1.0,,1.0,37.6533745847,-0.316965376307,I,N,300.0,1.51,4.48,0.32,693.0,13.0,,,154732.0,11520.0
I91E,72.0,I91E,Siena,11/9/2015,http://imgur.com/SpOWrdL,1.0,127.0,179.0,1.0,0.159,0.32,1.0,1.0,1.0,1.0,,1.0,39.1995247348,-0.443905279683,I,E,91.0,0.49,6.71,0.79,846.0,35.0,,,126071.0,15714.0
K341A,60.0,K344A,Bill,9/15/2015,http://imgur.com/n9J041r,21.0,250.0,300.0,0.0,1.049,1.05,1.0,1.0,1.0,1.0,,1.0,39.9845891257,-1.70377259477,K,A,341.0,0.92,5.46,0.33,1046.0,17.0,,,191689.0,12041.0
K413A,88.0,K413A,,,,,,,,,,,,,,,1.0,,,,,,1.11,2.92,0.48,835.0,33.0,,,285858.0,48589.0
L171A,6.0,L171A,Bill,8/3/2015,http://imgur.com/v5Ai2qt,31.0,300.0,200.0,0.0,0.495,0.5,1.0,1.0,1.0,1.0,,1.0,38.288357024,-0.480826713152,L,A,171.0,0.38,11.09,0.42,807.0,9.0,,,72719.0,2851.0
L171R,49.0,L174R,Siena ,9/22/2015,http://imgur.com/xdstJ8r,2.0,86.0,218.0,0.0,0.369,0.37,1.0,1.0,1.0,1.0,,1.0,38.6991041626,-0.688685714066,L,R,171.0,1.06,3.36,0.23,403.0,7.0,,,120146.0,8506.0
L219A,89.0,L219A,,,,,,,,,,,,,,,1.0,,,,,,0.47,7.87,0.6,199.0,5.0,,,25262.0,2010.0
L362M,128.0,L362M,Mary,8/11/2015,http://imgur.com/1A5hRrW,89.0,258.0,317.0,0.0,0.326,0.33,1.0,1.0,1.0,1.0,,,39.8488592933,-0.613592474239,L,M,362.0,,,,,,,,,
M221A,90.0,M221A,Mary,10/5/2015,,40.0,333.0,343.0,0.0,0.123,0.12,1.0,0.0,1.0,0.0,no protein,1.0,,,M,A,221.0,0.73,6.25,0.6,547.0,15.0,,,87554.0,8701.0
M261D,70.0,M261D,Bill,9/15/2015,http://imgur.com/yweFwXf,50.0,250.0,300.0,0.0,0.392,0.39,1.0,0.0,1.0,0.0,no protein,,,,M,D,261.0,,,,,,,,,
M323A,7.0,M323A,Siena,2/29/2016,http://imgur.com/5B5NGza,75.0,342.0,410.0,0.0,0.117,0.12,1.0,,1.0,,,1.0,36.858347031,-0.701662792668,M,A,323.0,0.35,9.34,0.8,416.0,11.0,126.29,25.47,44477.0,3991.0
M323K,21.0,M323K,Siena,2/29/2016,http://imgur.com/u4mLuyN,40.0,264.0,722.0,0.0,0.085,0.09,1.0,,1.0,,,1.0,,,M,K,323.0,,,,,,,,,
M358T,62.0,M361T,Bill,9/15/2015,http://imgur.com/SpnZy7i,51.0,250.0,200.0,0.0,1.1,1.1,1.0,1.0,1.0,1.0,,1.0,39.4891321038,-1.43599056184,M,T,358.0,0.62,4.83,0.48,436.0,11.0,,,90241.0,9225.0
N163A,91.0,N163A,Natalie,1/31/2016,http://imgur.com/pL9x4DH,15.0,354.6,441.0,0.0,0.163,,1.0,0.5,1.0,1.0,,1.0,40.8019296006,-0.377448770159,N,A,163.0,0.74,11.95,0.91,7.0,1.0,,,558.0,44.0
N163C,112.0,n163c,Mary,10/5/2015,http://imgur.com/FX85Fwr,45.0,215.0,309.0,0.0,0.119,0.12,1.0,0.0,1.0,1.0,,1.0,37.6986081101,-0.338414890687,N,C,163.0,1.1,5.42,0.32,26.0,1.0,,,4766.0,291.0
N163D,67.0,N166D,Bill,9/15/2015,http://imgur.com/QNscIP1,11.0,250.0,300.0,0.0,1.019,1.02,1.0,1.0,1.0,1.0,,,38.258753607,-0.454263089994,N,D,163.0,1.05,15.19,1.41,12.0,1.0,,,789.0,77.0
N163D,113.0,n163d,Bill,10/5/2015,http://imgur.com/1CWSB4l,8.0,311.0,345.0,0.0,0.687,0.69,1.0,1.0,1.0,1.0,,1.0,38.258753607,-0.454263089994,N,D,163.0,1.05,15.19,1.41,12.0,1.0,,,789.0,77.0
N220A,8.0,N220A,Natalie,11/8/2015,http://i.imgur.com/WPw2nEr.jpg,94.0,346.7,357.9,1.0,0.813,1.63,1.0,1.0,1.0,1.0,,1.0,38.6310570799,-0.656223216293,N,A,220.0,0.61,10.27,0.68,405.0,8.0,,,39425.0,2745.0
N220G,57.0,N223G,Siena ,2/29/2016,http://imgur.com/koZ8ijJ,70.0,354.0,525.0,0.0,1.592,1.59,1.0,,1.0,,,,41.8736114442,-1.49476380429,N,G,220.0,,,,,,,,,
N220H,41.0,N223H,Bill,11/8/2015,http://imgur.com/Hl9yXnJ,100.0,240.0,356.0,1.0,0.075,0.15,1.0,1.0,1.0,1.0,,1.0,39.458290739,-0.740277743106,N,H,220.0,1.12,5.14,0.21,123.0,1.0,,,23874.0,1031.0
N220R,138.0,N220R,Mary,8/11/2015,http://imgur.com/OPSaWh2,89.0,134.0,276.0,0.0,0.217,0.22,1.0,1.0,1.0,1.0,,,39.4224948364,-0.679409263098,N,R,220.0,,,,,,,,,
N220Y,131.0,N220Y,Mary,8/11/2015,http://imgur.com/rK0pfPI,30.0,224.0,280.0,0.0,0.461,0.46,1.0,1.0,1.0,1.0,,,41.630374052,-0.365824477564,N,Y,220.0,,,,,,,,,
N293A,9.0,N293A,Siena,2/29/2016,http://imgur.com/C0U5vZg,60.0,327.0,403.0,0.0,0.419,0.42,1.0,,1.0,,,1.0,,,N,A,293.0,0.68,9.67,0.44,13.0,0.0,,,1313.0,63.0
N293C,127.0,N293C,Mary,8/11/2015,http://imgur.com/rwg5bN7,118.0,149.0,305.0,0.0,0.324,0.32,1.0,1.0,1.0,1.0,,,38.6673919082,-0.536787329452,N,C,293.0,,,,,,,,,
N293D,137.0,N293D,Mary,8/11/2015,http://imgur.com/D7ixSSi,77.0,209.0,254.0,0.0,0.194,0.19,1.0,1.0,1.0,0.0,,,,,N,D,293.0,,,,,,,,,
N293Q,130.0,N293Q,Mary,8/11/2015,http://imgur.com/pS0EWRr,36.0,280.0,361.0,0.0,0.171,0.17,1.0,1.0,1.0,0.0,,,,,N,Q,293.0,,,,,,,,,
N354A,92.0,N354A,Natalie,1/31/2016,http://imgur.com/oTFPr5i,30.0,458.4,406.0,0.0,0.306,,1.0,0.5,1.0,1.0,,1.0,40.5577928978,-0.335793746602,N,A,354.0,0.34,5.38,0.67,3.0,1.0,,,547.0,70.0
N404A,93.0,N404A,Natalie,1/31/2016,http://imgur.com/XOVCqnq,3.0,515.1,346.0,0.0,0.532,,1.0,1.0,1.0,1.0,,1.0,42.0057907135,-0.965897328473,N,A,404.0,1.41,9.42,0.42,4.0,1.0,,,393.0,18.0
N404C,63.0,N407C,Siena,2/29/2016,http://imgur.com/qcE63NW,8.0,285.0,385.0,0.0,0.145,,1.0,,1.0,,,,42.5779608927,-1.29989873686,N,C,404.0,,,,,,,,,
P329N,74.0,P329N,Natalie,11/8/2015,http://i.imgur.com/f2Em2Uu.jpg,40.0,311.3,505.0,1.0,0.303,0.61,1.0,0.5,1.0,0.0,no expression,,,,P,N,329.0,,,,,,,,,
Q19A,10.0,Q19A,Siena,2/29/2016,http://imgur.com/GoG02mT,50.0,295.0,408.0,0.0,0.41,0.41,1.0,,1.0,,,1.0,,,Q,A,19.0,0.26,,,,,,,11.0,3.0
Q19C,114.0,q19c,Bill,10/5/2015,http://imgur.com/MorA18r,3.0,95.0,558.0,0.0,0.479,0.48,1.0,1.0,1.0,0.0,,1.0,,,Q,C,19.0,0.4,,,,,,,1.0,0.0
Q19S,55.0,Q22S,Siena ,9/22/2015,http://imgur.com/aiHfZ3D,25.0,137.0,270.0,0.0,0.183,0.18,1.0,1.0,1.0,1.0,,1.0,36.4709729317,-0.502002062393,Q,S,19.0,0.43,,,,,,,13.0,3.0
Q313R,26.0,Q313R,Bill,11/8/2015,http://imgur.com/rSaZwKf,30.0,105.0,320.0,1.0,0.313,0.63,1.0,1.0,1.0,1.0,,1.0,,,Q,R,313.0,1.07,3.58,0.51,689.0,24.0,,,192373.0,28109.0
Q313R,46.0,Q316R,Bill,10/20/2015,http://imgur.com/AVGgJ4y,5.0,214.0,336.0,1.0,0.218,0.44,1.0,1.0,1.0,1.0,,1.0,,,Q,R,313.0,1.07,3.58,0.51,689.0,24.0,,,192373.0,28109.0
R240A,11.0,R240A,Siena,2/29/2016,http://imgur.com/rCYKhB3,60.0,330.0,517.0,0.0,0.29,0.29,1.0,,1.0,,,1.0,39.8761145684,-1.04478615241,R,A,240.0,1.11,19.46,1.17,11011.0,258.0,,,565763.0,36384.0
R240D,115.0,r240d,Siena,10/26/2015,,10.0,157.0,325.0,1.0,0.329,0.66,1.0,1.0,1.0,0.0,,1.0,,,R,D,240.0,0.8,10.82,0.47,282.0,4.0,,,26093.0,1196.0
R240E,116.0,r240e,Bill,10/5/2015,http://imgur.com/UPIFZTN,15.0,268.0,520.0,0.0,0.296,0.3,1.0,0.0,1.0,0.0,no protein,,,,R,E,240.0,,,,,,,,,
R240K,117.0,r240k,Bill,10/5/2015,http://imgur.com/sZc0Ytl,1.0,110.0,667.0,0.0,0.703,0.7,1.0,1.0,1.0,1.0,,1.0,39.3142678187,-1.42340635452,R,K,240.0,1.4,17.67,3.32,898.0,59.0,,,50829.0,10102.0
R76A,12.0,R76A,Natalie,11/8/2015,http://i.imgur.com/tKuddaM.jpg,100.0,273.3,430.1,1.0,0.486,0.97,1.0,0.5,1.0,0.0,no expression,1.0,,,R,A,76.0,,,,,,,,,
S14A,94.0,S14A,Natalie,1/31/2016,http://imgur.com/M9wjuRL,15.0,485.4,411.0,0.0,0.413,,1.0,1.0,1.0,1.0,,1.0,40.0178687251,-1.56503560638,S,A,14.0,0.6,8.25,1.02,320.0,11.0,,,38823.0,4972.0
S16A,13.0,S16A,Natalie,11/8/2015,http://i.imgur.com/HwXKOLT.jpg,80.0,327.5,422.2,1.0,0.504,1.01,1.0,1.0,1.0,1.0,,1.0,,,S,A,16.0,0.83,14.01,0.4,154.0,1.0,,,10997.0,331.0
S16A,59.0,S19A,Bill,10/20/2015,http://imgur.com/iI4doJm,3.0,223.0,504.0,1.0,0.445,0.89,1.0,1.0,1.0,1.0,,1.0,,,S,A,16.0,0.83,14.01,0.4,154.0,1.0,,,10997.0,331.0
S16N,135.0,S16N,Mary,8/11/2015,http://imgur.com/lIvxQzT,75.0,297.0,361.0,0.0,0.179,0.18,1.0,0.5,1.0,0.0,,,,,S,N,16.0,,,,,,,,,
S17A,95.0,S17A,Natalie,1/31/2016,http://imgur.com/rekX0s9,30.0,465.3,416.0,0.0,0.502,,1.0,1.0,1.0,1.0,,1.0,41.6490422225,-1.26554598943,S,A,17.0,0.65,18.45,3.72,848.0,76.0,,,45978.0,10135.0
S17E,29.0,S17E,Bill,10/27/2015,http://imgur.com/sJ4VZ6c,27.0,325.0,315.0,1.0,0.202,0.4,1.0,0.5,1.0,,,1.0,39.4298915387,-0.75636537263,S,E,17.0,1.01,7.32,0.38,641.0,9.0,,,87596.0,4719.0
S298E,118.0,s298e,Bill,10/5/2015,http://imgur.com/UUNJChd,2.0,153.0,314.0,0.0,0.457,0.46,1.0,1.0,1.0,1.0,,1.0,39.5668379071,-0.949263995515,S,E,298.0,1.1,5.28,0.05,809.0,2.0,,,153264.0,1391.0
S331A,47.0,S334A,Siena ,9/22/2015,http://imgur.com/oIaQoDF,20.0,104.0,242.0,0.0,0.254,0.25,1.0,1.0,1.0,1.0,,1.0,38.9595714841,-0.454130765382,S,A,331.0,0.89,4.34,0.11,817.0,5.0,,,188306.0,5055.0
S400A,14.0,S400A,Siena,2/29/2016,http://imgur.com/JIuwX9e,30.0,294.0,630.0,0.0,0.236,0.24,1.0,,1.0,,,1.0,39.8068953916,-0.600616123955,S,A,400.0,0.41,3.22,0.22,531.0,9.0,,,164795.0,11833.0
T15A,96.0,T15A,Bill,9/28/2015,http://imgur.com/uH1FNX6,4.0,236.0,502.0,0.0,0.619,0.62,1.0,1.0,1.0,1.0,,,38.6969225582,-0.457046373355,T,A,15.0,,,,,,,,,
T175R,50.0,T178R,Bill,10/20/2015,http://imgur.com/sS2seXk,3.0,198.0,628.0,1.0,0.151,0.3,1.0,1.0,1.0,1.0,,1.0,37.8269793601,-0.487971542787,T,R,175.0,0.86,3.59,0.15,801.0,8.0,,,223033.0,9663.0
T218A,97.0,T218A,Bill,9/28/2015,http://imgur.com/JP7XQ4h,4.0,164.0,455.0,0.0,0.88,0.88,1.0,1.0,1.0,1.0,,1.0,40.0456532377,-1.1225308277,T,A,218.0,0.98,6.51,0.94,464.0,18.0,,,71280.0,10669.0
T296A,15.0,T296A,Siena,2/29/2016,http://imgur.com/mymVeZu,80.0,344.0,520.0,0.0,0.141,0.14,1.0,,1.0,,,1.0,,,T,A,296.0,0.39,11.05,0.77,109.0,2.0,142.75,28.67,9904.0,722.0
T352A,98.0,T352A,Bill,9/28/2015,http://imgur.com/KLfB76v,6.0,165.0,453.0,0.0,0.504,0.5,1.0,1.0,1.0,1.0,,1.0,38.0270656134,-0.745703647536,T,A,352.0,0.7,14.26,1.76,60.0,2.0,,,4174.0,541.0
V147S,73.0,V147S,,,,,,,,,,,,,,,1.0,,,,,,0.23,6.45,0.62,5.0,1.0,,,706.0,70.0
V52G,65.0,V55G,Bill,9/15/2015,http://imgur.com/RaamKNK,14.0,250.0,300.0,0.0,0.917,0.92,1.0,1.0,1.0,1.0,,1.0,39.2062985415,-1.00569274763,V,G,52.0,0.97,8.25,0.54,687.0,13.0,,,83371.0,5707.0
W120A,16.0,W120A,Siena,2/29/2016,http://imgur.com/N0fjMxw,120.0,345.0,624.0,0.0,0.133,,1.0,,1.0,,,1.0,,,W,A,120.0,0.16,,,,,,,1.0,0.0
W120F,25.0,W120F,Siena,2/29/2016,http://imgur.com/CvQJwLR,40.0,284.0,587.0,0.0,0.437,0.44,1.0,,,,,1.0,41.510526877,-0.46299769388,W,F,120.0,0.78,16.08,2.07,472.0,21.0,,,29334.0,3980.0
W120H,119.0,w120h,Bill,10/5/2015,http://imgur.com/iIckhtv,3.0,147.0,518.0,0.0,0.336,0.34,1.0,1.0,1.0,1.0,,1.0,39.8883945381,-0.5742039856,W,H,120.0,1.0,89.18,4.31,84.0,2.0,,,943.0,53.0
W325A,17.0,W325A,Siena,9/28/2015,http://imgur.com/bzDDjFW ,56.0,219.3,189.0,0.0,0.216,0.22,1.0,1.0,1.0,1.0,,1.0,40.1882422006,-0.362362981319,W,A,325.0,0.26,1.61,0.23,29.0,1.0,171.02,19.85,18243.0,2607.0
W325C,66.0,W328C,Bill,9/15/2015,http://imgur.com/0W2zbEF,13.0,250.0,300.0,0.0,1.121,1.12,1.0,1.0,1.0,1.0,,1.0,39.181841686,-0.888861379031,W,C,325.0,0.22,4.18,0.53,10.0,1.0,159.19,34.38,2503.0,327.0
W325G,120.0,w325g,Siena,10/26/2015,,1.0,296.0,356.0,1.0,0.108,0.22,1.0,0.0,1.0,0.0,no protein,,,,W,G,325.0,,,,,,,,,
W325H,58.0,W328H,Siena,2/29/2016,http://imgur.com/LEuoBRe,20.0,307.0,484.0,0.0,0.064,0.06,1.0,,1.0,,,1.0,,,W,H,325.0,1.12,3.08,0.43,35.0,1.0,143.45,25.04,11358.0,1645.0
W325L,32.0,W325L,Bill,11/8/2015,http://imgur.com/xyC6OTG,100.0,248.0,356.0,1.0,0.329,0.66,1.0,1.0,1.0,1.0,,,,,W,L,325.0,1.08,5.74,0.35,109.0,2.0,,,18909.0,1198.0
W325L,54.0,W328L,Siena ,9/22/2015,http://imgur.com/YVycDoj,150.0,148.0,187.0,0.0,0.232,0.23,1.0,1.0,1.0,1.0,,1.0,,,W,L,325.0,1.08,5.74,0.35,109.0,2.0,,,18909.0,1198.0
W325R,121.0,w325r,Bill,10/5/2015,http://imgur.com/gERKHZ9,1.0,106.0,463.0,0.0,0.354,0.35,1.0,1.0,1.0,1.0,,,39.8737917782,-0.713239858187,W,R,325.0,,,,,,,,,
W34A,18.0,W34A,Siena,9/28/2015,http://imgur.com/aj5BKYu,67.0,294.0,410.0,0.0,0.184,0.18,1.0,0.5,1.0,0.0,no expression,1.0,,,W,A,34.0,,,,,,,,,
W399A,99.0,W399A,Siena,10/26/2015,,6.0,159.0,246.0,1.0,0.333,0.67,1.0,0.5,1.0,,,1.0,,,W,A,399.0,0.96,16.65,2.52,0.0,0.0,,,14.0,2.0
W399C,61.0,W402C,Siena,2/29/2016,http://imgur.com/yVyo2EG,45.0,274.0,643.0,0.0,0.195,0.2,1.0,,1.0,,,,,,W,C,399.0,0.93,70.33,5.89,3.0,1.0,,,39.0,4.0
W399C,123.0,w399c,Siena,11/30/2015,http://imgur.com/BSrFh4E,3.0,378.0,411.0,1.0,0.449,0.9,1.0,1.0,1.0,0.0,,1.0,,,W,C,399.0,0.93,70.33,5.89,3.0,1.0,,,39.0,4.0
W399G,124.0,w399g,Bill,11/8/2015,http://imgur.com/X8N1IBq,25.0,175.0,298.0,1.0,0.521,1.04,1.0,1.0,1.0,0.0,,1.0,,,W,G,399.0,1.27,,,,,,,1.0,0.0
W399R,133.0,W399R,Mary,8/11/2015,http://imgur.com/AdqjkcA,93.0,269.0,343.0,0.0,0.233,0.23,1.0,1.0,1.0,0.0,,,,,W,R,399.0,,,,,,,,,
W399S,122.0,w399s,Bill,10/5/2015,http://imgur.com/M509T5g,2.0,190.0,300.0,0.0,0.196,0.2,1.0,0.0,1.0,0.0,,1.0,,,W,S,399.0,1.5,,,,,,,1.0,0.0
W399S,125.0,w399s,DOUBLE,11/30/2015,http://imgur.com/4UhkLRa,60.0,291.0,509.0,1.0,0.172,0.34,,1.0,1.0,0.0,,1.0,,,W,S,399.0,1.5,,,,,,,1.0,0.0
W407A,100.0,W407A,Bill,9/28/2015,http://imgur.com/8T7yw0V,5.0,140.0,515.0,0.0,0.182,0.18,1.0,0.5,1.0,0.0,no expression,1.0,,,W,A,407.0,,,,,,,,,
W407G,22.0,W407G,Siena,9/28/2015,http://imgur.com/qM4M36j,44.0,288.0,421.0,0.0,0.276,0.28,1.0,0.5,1.0,0.0,no expression,1.0,,,W,G,407.0,,,,,,,,,
W407Q,20.0,W407Q,Natalie,11/8/2015,http://i.imgur.com/0X8b6KT.jpg,35.0,303.6,330.3,1.0,0.251,0.5,1.0,0.0,1.0,0.0,no expression,1.0,,,W,Q,407.0,,,,,,,,,
W407Q,27.0,W407Q,DOUBLE,,,,,,,,,,,,,,,,,W,Q,407.0,,,,,,,,,
W407R,23.0,W407R,Natalie,11/8/2015,http://i.imgur.com/uEAROyv.jpg,65.0,366.8,660.0,1.0,0.182,0.36,1.0,0.0,1.0,0.0,no expression,1.0,,,W,R,407.0,,,,,,,,,
W409A,19.0,W409A,,,,,,,,,,,,,,,1.0,,,,,,,,,,,,,,
W409Y,132.0,W409Y,Mary,8/11/2015,http://imgur.com/unWQlD5,125.0,206.0,338.0,0.0,0.229,0.23,1.0,1.0,1.0,1.0,,,36.6149214884,-0.392452856146,W,Y,409.0,,,,,,,,,
Y166P,52.0,Y169P,Siena ,9/22/2015,http://imgur.com/1vfDIUx,30.0,146.0,267.0,0.0,0.264,0.26,1.0,0.0,1.0,0.0,no protein,1.0,,,Y,P,166.0,0.18,2.5,0.45,27.0,1.0,94.95,10.18,10596.0,1981.0
Y18A,101.0,Y18A,Bill,9/28/2015,http://imgur.com/VEB5R0Z,10.0,123.0,475.0,0.0,0.59,0.59,1.0,1.0,1.0,1.0,,1.0,37.1729031827,-0.346462475686,Y,A,18.0,0.17,31.55,3.61,197.0,9.0,,,6230.0,773.0
Y294A,102.0,Y294A,Siena,10/26/2015,,1.0,239.0,373.0,1.0,0.677,1.35,1.0,1.0,1.0,1.0,,1.0,39.9997663953,-0.755361456548,Y,A,294.0,0.59,4.98,0.17,166.0,2.0,,,33260.0,1180.0
Y294F,42.0,Y297F,Siena,11/30/2015,http://imgur.com/VSrmcFa,150.0,322.0,479.0,1.0,0.408,0.82,1.0,1.0,1.0,1.0,,1.0,,,Y,F,294.0,0.73,5.99,0.32,735.0,11.0,,,122751.0,6883.0
Y294F,139.0,Y294F,Mary,8/11/2015,http://imgur.com/wgyoqij,79.0,232.0,311.0,0.0,0.195,0.2,1.0,1.0,1.0,1.0,,1.0,,,Y,F,294.0,0.73,5.99,0.32,735.0,11.0,,,122751.0,6883.0
Y295A,103.0,Y295A,Bill,10/20/2015,http://imgur.com/Fg7Rdsi,2.0,243.0,418.0,1.0,0.188,0.38,1.0,0.5,1.0,0.0,catalytic residue,1.0,,,Y,A,295.0,0.69,,,,,,,1.0,0.0
Y295G,126.0,y295g,Bill,11/8/2015,http://imgur.com/2woB32i,35.0,93.0,399.0,1.0,0.235,0.47,1.0,1.0,1.0,0.0,catalytic residue,1.0,,,Y,G,295.0,0.77,,,,,,,1.0,0.0
drop_me,33.0,,,,,,,,,,,,,,,,,,,,,,,,,,,,,,
drop_me,34.0,,,,,,,,,,,,,,,,,,,,,,,,,,,,,,
drop_me,35.0,,,,,,,,,,,,,,,,,,,,,,,,,,,,,,
drop_me,36.0,"N220D, N293D",Siena,10/26/2015,,7.0,236.0,330.0,1.0,0.016,0.03,1.0,1.0,1.0,,,,,,,,,,,,,,,,,
drop_me,37.0,,,,,,,,,,,,,,,,,,,,,,,,,,,,,,
drop_me,38.0,"C167N, W120R",Siena,11/9/2015,http://imgur.com/fNbUJy0,100.0,419.0,353.0,1.0,0.161,0.32,1.0,0.0,1.0,,,,,,,,,,,,,,,,,
drop_me,39.0,,,,,,,,,,,,,,,,,,,,,,,,,,,,,,
drop_me,77.0,Q384R,Bill,10/20/2015,http://imgur.com/ABgRyZj,2.0,225.0,627.0,1.0,0.242,0.48,1.0,1.0,1.0,,,,,,,,,,,,,,,,,
